Top Free PC Game Websites to Download Free Games,Games
List of video game websites - Wikipedia,Games
Acid-Play.com Free Game Site,Games
Best Old Games for free download | BestOldGames.net,Games
Caiman free games free utilities freeware games breakout arcade pacman tetris pinball 3D games etc asp - gratis spelletjes spellekes,Games
Fullgames.sk - full PC games for free | fullgames.sk,Games
Home of the Underdogs,Games
Games blogging for liberated life!,Games
Ocean of Games,Games
Free To Play Games on Steam,Games
Reloaded.org - Download Freeware Games and Retro Remakes,Games
Computer games free game downloads rules and previews.,Games
4Players ,Games
Swim games,Games
Adventure Gamers,Games
All Media Network,Games
Google,Games
Adventure Game Reviews News Trailers Interviews & Top Games | Adventure Gamers,Games
News & Spieletests PC Konsole Handheld & Tablet auf 4Players.de,Games
1UP.com: Video Game Reviews Cheats and More,Games
ERROR: The requested URL could not be retrieved,Games
Play Free Games Online at Armor Games,Games
Gameplanet,Games
Welcome to GameStar.com,Games
GameFly,Games
PC and Console Game News Videos Reviews - VideoGamer.com,Games
PlayStation Universe - PS4 PS4 Pro PSVR PS Vita News Reviews and Videos,Games
A10: Free Games Online With Style,Games
FRIV.COM - The Best Free Online Games! [Jogos | Juegos],Games
Nitrome - Play Free Games,Games
Yahoo! Games,Games
Games - Free Online Games Free Games Online! - GamesGames.com,Games
Cool Free Online Games on Silvergames.com,Games
Crazy Games - Free Online Games on CrazyGames.com,Games
PopCap Studios - Official EA Site,Games
Play Online Games Best Online Free Games : Atmegame.com,Games
Putlocker - FREE Movies and TV Shows Online & Just Go And Watch It,Entertainment
System Requirements -XFINITY Stream,Entertainment
Watch Free Movies and TV Shows Online | Streaming Movies and TV | Tubi,Entertainment
Watch Free Movies and TV Shows Online | ONEFLIX.org,Entertainment
Watch Series Online Free TV Shows | Stream Live TV & Full Episodes,Entertainment
Watch Series Online - PutLocker Movies,Entertainment
Watch Series Online - Telepisodes,Entertainment
Watch Series Online FREE Full Episodes | Best TV Shows Streaming »,Entertainment
Art Culture Design Music Style - CraveOnline,Entertainment
Everything Is Terrible!,Entertainment
Pardon Our Interruption,Entertainment
Celebrity News Photos Memes and Viral Video | Cambio,Entertainment
Geekadelphia | A Guide To Everything Geek In Philadelphia,Entertainment
Ana Sayfa,Entertainment
CBR - The World's Top Destination For Comic Movie & TV news.,Entertainment
Anime News Network,Entertainment
I-Mockery.com - Dedicated to what really matters in life: b-movies old toys Halloween video games strange foods oddities and more.,Entertainment
MeFeedia,Entertainment
hotstar - Watch TV Shows Movies & Live Cricket Matches Online,Entertainment
MANBEEF.COM | eNaming,Entertainment
Funny Videos Funny Clips & Funny Pictures | Break.com,Entertainment
W3Schools Online Web Tutorials,Education
Amazingly Simple Graphic Design Software – Canva,Education
wikiHow - How to do anything,Education
Cram.com: Create and Share Online Flashcards,Education
Free Online Courses and Nanodegree Programs | Udacity,Education
Khan Academy | Free Online Courses Lessons & Practice,Education
Access to this page has been denied.,Education
Drawspace: Now everyone can draw,Education
AcademicEarth.org - Free Online Courses From Top Colleges,Education
Lessons Worth Sharing | TED-Ed,Education
Share and Discover Knowledge on LinkedIn SlideShare,Education
Penguin Books USA,Education
University of Reddit,Education
 Welcome | Open Yale Courses,Education
Shodor: A National Resource for Computational Science Education,Education
Sucuri WebSite Firewall - Access Denied,Education
Featured content - OpenLearn - Open University,Education
The best free cultural & educational media on the web | Open Culture,Education
Quora - A place to share knowledge and better understand the world.,Education
Free Images - Pixabay,Education
    Academic Success Center | | Oregon State University  ,Education
Ideone.com - Online Compiler and IDE >> C/C++ Java PHP Python Perl and 40+ other compilers and interpreters,Education
The best free cultural & educational media on the web | Open Culture,Education
TED: Ideas worth spreading,Education
edX | Free online courses from the world's best universities,Education
Free Online Learning Programs - Kutztown University,Education
shortText.com - Post information. Share it.,Education
Online converter - convert video images audio and documents for free,Education
Buddy4Study,Education
Popplet,Education
MIT OpenCourseWare | Free Online Course Materials ,Education
VideoLectures.NET - VideoLectures.NET,Education
Maths & Science Marketing,Education
Learn to code | Codecademy,Education
Free Computer Programming Mathematics Technical Books Lecture Notes and Tutorials,Education
sleepyti.me bedtime calculator,Entertainment
Mental Floss,Education
Lifehacker UK | Life hacks tips and tricks,Education
Understanding Sexual Health -,Health
Women's Health -,Health
WebMD - Better information. Better health.,Health
Men's Health -,Health
STDs/STIs -,Health
NHS Choices Home Page,Health
Healthcare Providers -,Health
Don't Pass It On - Home STI test Chlamydia test STD test kit,Health
The Freecycle Network,Shopping
Gumtree | Free classified ads from the #1 classifieds site in the UK,Shopping
The Book Pond - Buy and sell cheap University books - Home,Shopping
Groupon: Deals and Coupons for Restaurants Fitness Travel Shopping Beauty and more.,Shopping
Mint: Money Manager Bills Credit Score & Budgeting,Business
Wise Bread | Personal Finance and Frugal Living Forums,Business
