learn solve rubik cube learn quick,10
marvel studios ant man wasp official trailer ,1
apple launch event presentation iphone ,2
best computer phone hacks dummies,3
fifa switch gameplay real madrid vs manchester united full game nintendo switch fps,4
life hacks health,5
nursery rhymes kids songs nursery rhymes songs kids,7
media one malyalam news live stream,8
cool gadgets can buy on amazon hindi,12
india vs south africa live star sports live ,14
learn solve rubik cube learn quick,1
growing up needs dettol,5
gmail storage email google,3
gmail,3
play game online,4
new game zapak,4
game,4
free game,4
free game gameonline in,4
jokes sms jokes humor fun funtoosh,4
game girls boys play game win,4
game guru,4
play game fun flash game,4
govt model engineering college,10
interactive website codecademy,10
django tutorial migration learn django,3
tripura bjp team has youngest faces coun pm modi ani news,8
shopping women men kids fashion lifestyle myntra,12
django,10
html body background attribute,10
shein women fashion affordable prices,12
quora knowledge better world ,10
geeksforgeeks computer science portal geeks,10
angry birds blues last strawberry s ep ,7
play game fun flash game,4
sify budget cricket scores movie reviews latest news news,4
event political history tripura polls ,8
angry birds blues on target ,7
cartoon train kids train videos chu chu train toy factory toy train children ,7
learn colors learn shapes surprise eggs d cartoons children video kids ,7
abc colors shapes numbers kindergarten nursery rhymes songs kids little treehouse,7
funny animals cartoons compilation just kids,7
compilation kids transportation street vehicles cartoons videos kids,7
make interactive website codecademy,10
django tutorial learn django,10
extend django user model,10
html body background attribute,10
quora place share knowledge better understand world,10
geeksforgeeks computer science portal geeks,10
big think videos articles,10
academicearth org courses colleges,10
internet archive digital library books,7
learn math science cosmolearning school courses,10
govt model engineering college,10
cool news movie imdb movies,1
club pop culture obsessives writing pop culture obsessed ,1
sify budget cricket scores movie reviews latest news news,1
play game fun flash game,4
game guru,4
free game girls boys play game win,4
jokes sms jokes humor fun funtoosh,4
music wayback machine,10
 english test prep expert teachers brightstorm,10
free game,4
documentaries images books more,10
play game game zapak,4
movie tickets plays,1
santabanta jokes sms dvd comic book news,1
espn worldwide leader sports espn,1
hungama listen latest songs hindi bollywood songs download mp songs watch movies,1
auger,2
nse national stock exchange ltd,2
share market news read latest finance news,2
india stock market recommendations tips,2
stock share market investing live bse nse latest news headlines,2
business news live,2
india news economy,8
india stock market recommendations,2
business line business financial,2
free game gameonline in,4
iifl bse nse stock quotes corporate information,2
business news,8
tradeindia indian exporters,2
bse ltd bombay stock exchange live stock market updates bse sensex,2
business news latest stock market economy news india,8
events cinemas nearby bookmys,1
wallpapers bollywood movies videos,1
live stock markets sensex nifty commodity market investment portfolio financial news mutual funds,2
ipo mutual funds news,2
bse live nse live stock markets financial news business news market analysis  indian economy,2
standard news,2
market stock news updates,2
personal finance ipo,2
suppliers directory b b business directory,2
financial news headlines financial express,2
shein contemporary women fashion affordable prices,12
jabong fashion lifestyle shopping site big brands prices ,12
online shopping site shop electronics mobile,12
men women clothing,12
online shopping site shop men women fashion india,12
home snapdeal,12
online shopping site buy mobiles electronics laptops tablets prices shopclues,12
online shopping site shop store buy t shirts fashion clothing prices shopclues,12
largest shopping website buy mobiles power banks rediff shopping,12
online shopping shop mobiles footwear 6 appliances 6shop,12
decathlon buy sports goods decathlon,14
khelmart sports store buy sports products accessories fitness equipment nutrition shoes khelmart,14
clothes shoes more infibeam,12
sports fitness equipment buy badminton rackets,12
espncricinfo cricket live scores stats schedules fixtures news,14
isl kerala blasters fc latest news photos matches schedule team players fan garage,14
ipl chennai super kings latest news photos matches schedule team players fan garage,14
gybo india,14
latest sports news live updates sports schedule sk 14keeda,14
sports shoes apparel sports,14
latest news matches schedule team players fan garage tfg,14
aarogya wellness site,5
online consultation mg,5
health tips healthy life ideas health care news 6 remedies health expert weight loss,5
diet fitness weight loss healthy recipes healthy living workouts indiatimes indiatimes,5
ask doctor doctor virtual followup pinkwhale healthcare system,5
online consultation mg,5
ask doctor doctor health questions doctorvista,5
book appointment with doctors bangalore meetmydoctor meet my doctor,5
your home health practo,5
zooty book appointments salons spas,5
online appointment with doctors dentist pediatrician radiologist aapka healthcare assistant,5
find specialist doctors book doctor appointment consult specialist doctors,5
ask doctor doctor,5
top doctors one stop destination complete resolution health concerns,5
evaidya,5
healthizen,5
india leading store buy vitamins health supplements mynutrition in,12
parenting advice information parenting skills today parents indiaparenting 5,
parentree india,5
healthradii,5
doctorshangout professional networking site doctors medical students worldwide,5
wikipedia education,10
bhuvneshwar kumar keeps his cool ,14
gaming,4
clash royale magic archer gameplay reveal ,4
clash clans hog rider 6coming lunar year ,4
times day ,4
clash clans update builder hall friendly challenge party ,4
gta v great grand masti day jadu gameplay ,4
live faze vs fnatic grand final world championship katowice ,4
learning video collection kids educational videos nursery rhymes dave ava ,7
world motivational videos students ,10
educational videos on  ,10
the birth planet earth educational videos ,10
business related videos on  yahoo search results,2
business related videos on  yahoo video search results,2
yahoo video search,1
film wikipedia,1
wikipedia,10
actor wikipedia,1
sport wikipedia,14
asianet wikipedia,1
asianet film awards wikipedia,1
association football wikipedia,14
business wikipedia,2
business analysis wikipedia,2
business ethics wikipedia,2
map computer science ,10
lecture introduction computer science ,10
crash course computer science preview ,10
computer science ,10
computer science vs software engineering which one better major ,10
lec mit introduction computer science programming,10
mp patwari syllabus computer science exam strategy panchayti rajya gramin arthavyavastha ,10
hackers cyber attacks crash course computer science ,10
computer science engineering,10
areas computer science ,10
data structures crash course computer science ,10
algorithms data structures interview preparation ,10
dsa algorithms introduction ,10
lecture introduction data structures algorithms ,10
introduction data structures ,10
intro algorithms crash course computer science ,10
data structures algorithms complete tutorial computer kids ,10
data structures linked lists ,10
algorithmic thinking peak finding ,10
gate lectures ravindrababu ravula,10
shopping ,12
pet shop sport store clothing shopping center with blind bags shoppies ,12
makeup shopping safeway fionafrills vlogs ,12
macklemore ryan lewis thrift shop feat wanz official video ,12
shopping elsa anna toddlers clothing store dresses shoes purses ,12
buy health bodybuilding supplements healthkart,12
instagram,8
sign up tumblr,8
wechat messaging calling app,8
whatsapp,8
vk mobile version,8
snapchat fastest way share moment,8
pinterest,8
line calls messages,8
snapchat fastest way share moment ,8
vk mobile version,8
skype enhanced features calls chat,8
viber calls messages,8
twitter happening,8
google,8
stumbleupon,8
featured content myspace,8
taringa inteligencia colectiva,8
too many requests,8
telegram messenger,8
linkedin,8
wayn where are now world largest travel lifestyle social network,8
nextdoor,8
cafemom,8
ravelry knit crochet community,8
reverbnation artists first,8
online photo printing photo cards photo books photo canvases photo gift ideas snapfish,8
skyrock,8
friends kiwibox social network,8
creative network dots,8
stumbleupon,8
featured content on myspace,8
delicious magazine delicious magazine,8
dogs good apartment life,6
yahoo small business cheap domains hosting website builder ecommerce solutions,2
flat sharer nbsp website sale nbsp sharer resources information,6
roommate we take out trash you,6
spareroom flatshare house share flat share rooms rent,6
product reviews reports consumersearch,2
econsumer gov econsumer report international scams,2
6owners better building home,6
national consumer protection week consumer information,2
contractors hell,6
first time home buying guide newbuyer,6
consumer information prepaid legal plan tattletale consumer hotline,2
housing consumer education centers massachusetts,6
consumers association canada informing consumers on marketplace issues,2
consumers international coming together change consumers international,2
consumer watchdog consumer watchdog,2
consumer reports watch consumers union,2
travelassist magazine beware telemarketing scams ,6
vine,8
xanga here ,8
find high school alumni yearbooks reunions classmates,8
livejournal discover global communities friends who share unique passions interests,8
free family tree genealogy family history myheritage,8
friendster living game,8
viadeo where professionals meet,8
we do meetup,8
meetme,8
we heart fashion wallpapers quotes celebrities,8
tout tv network internet,8
buzznet,8
browse hot deviantart,8
funny die funny videos,1
find inspiration flickr,8
welcome gaia gaia online,8
top computer troubleshooting tech support,3
computer hope index,3
bleeping computer technical support forums,3
forums linux source linux information,3
official apple support communities,3
microsoft community,3
google groups,3
consumer electronics yahoo answers,3
cisco networking academy,10
cisco global 6 page,3
welcome gns vault gns vault,3
little krishna darling vrindavan hindi cartoon movie ,7
 ,1
woody woodpecker s beach nuts full episode cartoons children ,7
dinosaurs cartoons children full episodes dinosaur finger family song collection ,7
learn colors learn shapes surprise eggs cartoons children video kids ,7
polly pocket full episode compilation hour cartoons children ,7
pj masks episodes catboy shrinks min compilation cartoons children ,7
funny animals cartoons compilation just kids 1s hooplakidz tv ,7
larva larva funny cartoons 7xcartoons children larva official week ,7
hush little baby nursery rhymes songs compilation cartoons kids little treehouse ,7
healthy food health fitness mardana taaqat jawani fitness tips hindi urdu ,5
roti vs rice which better health guru mann health fitness ,5
guru mann fitness,5
white sugar vs brown sugar guru mann fitness ,5
healthy easy health fitness health tips remedy 6 made ,5
best workout tips benfits beginners suhas khamkar health fitness ,5
global health news ep december ,5
health minis media briefing on listeriosis,5
global health news episode ,5
 diet against disease episode fighting cancer revolutionary treatment  ,5
episode ty bollinger interviews dr darrell wolfe diet detox medical system ,5
suzanne somers on chemotherapy kale coconut oil ,5
health news smart value smart value ,5
today healthnews fried foods cancer ,5
armys are worried about jungkook health bts news ,5
food news obesity industrial complex obesity talk health news ,5
learn words news on theme health ,5
breaking news plant based doctor schools 5 critic ,5
functional dependency dbms dbms part ,10
introduction dbms ,10
dbms class hindi english ,10
introduction database management system features data,10
lecture data dbms hindi ,10
lec introduction dbms ,10
introduction dbms ,10
learn dbms just minutes hindi version ,10
introduction computer network ip address ,3
computer networks lecture,3
computer networking ,3
computer networking tutorial computer network ,3
subnet mask routing ,3
computer network network topology hindi part competitive exam ,3
osi model osi reference model layers explained ,3
computer networks lecture subnets,3
 networking computer hindi ,3
barcelona vs girona goals extended highlights la liga hd ,14
introduction os ,10
memory management introduction functions goals need definition fence address ,10
lecture introduction ,10
intro course ,10
module video introduction operating systems concept ,10
operating systems crash course computer science ,3
operating system hindi part competitive exam ,10
amazon,12
save money while shopping ,12
hindi cheapest shopping site buy wholesale prices wholesale market ,12
reload file using keyboard google search,10
notepad shortcut manually reload file disk super user,3
best shopping websites deal 12 technical guptaji ,12
top chinese websites shopping chinese store ,12
best cheapest shopping site ,12
currency conversion warranty explained detail ,2
hindi international shopping shipping customs aliexpress ,12
best shopping websites embellvish ,12
shop international website romwe,12
affordable clothing haul indian clothes rs less ,12
best shopping apps cheap shopping apps adityiyer ,12
buy product banggood with indian debit card international 12 without paypal ,12
media one malyalam news live stream ,8
the car hundreds years making wheelhouse donut 8 ,8
karti chidambaram face off mumbai jail,8
inx media case indrani mukerjea,8
watch pm modi addresses media bjp headquarters after north east assembly elections results ,8
media isnt buying barrage lies liberals on atwals invite ,8
chapter types network media networking basic mp ,10
data communications networking transmission media ,10
pak media afraid indian army fatf gray list crying pak media latest ,8
pak media on jordan king visit pak media on latest latest news,8
module network access physical media,10
old macdonald had farm nursery rhymes kids learn animals farm children toddlers ,7
english stories kids collection infobells ,7
tseries kids hut ,7
short stories kids english story collection short stories children ,7
little krishna darling vrindavan hindi cartoon movie ,7
machli aur kechuva hindi story children panchatantra kahaniya moral short stories kids,7
kids stories stories kids,7
mere rashke qamar kids version edited,7
funny animals dance video children kids rhymes children rhymes,7
best business idea village area,2
small business ideas with low investment high profit,2
small business ideas low investment high profit business,2
manufacturing business ideas,2
business idea start moving company,2
find business ideas hindi start 2 money,2
profitable business ideas young generation dream job dr amit maheshwari ,2
profitable business creative business ideas hindi ,2
lac monthly earning potential start spice manufacturing packaging business,2
top profitable business ideas,2
millionaire business ideas sandeep maheshwari,2
 start recycling business recycling business ideas,2
information technology indus association comptia,3
welcome computer history museum,1
welcome network world,3
home certification magazine,3
it news careers business technology reviews computerworld,3
technology news research enterprise analysis eweek,3
redmondmag,3
packetlife,3
pcmech news tech enthusiasts,3
networking techgenix,3
the computer technology documentation project,3
discount certification exam voucher comptia microsoft,3
dictionary computeruser,3
windows pc software downloads reviews,3
classroom technology news educational apps bloom taxonomy techlearning,3
about tom sheldon linktionary site,3
ietf internet engineering task force,3
howstuffworks learn everything works,3
it still works giving old tech life,3
computer terms technology definitions cheat sheets whatis tech dictionary encyclopedia,3
computer glossary,3
purplemath home,3
purplemath home,10
lessons worksheets wyzant resources,10
algebra help calculators,10
mathway math problem solver,10
algebra help math help,10
algebra calculators emathhelp,10
wolfram alpha computational knowledge engine,3
binary decimal,10
decimal binary,10
manga stream read manga,1
horriblesubs bad yet good,1
browser extensions mozilla mdn,3
the world leading software development platform github,3
machine learning with javascript part hacker noon,10
javascript guide javascript mdn,3
similarweb api website categorization api,3
machine learning website categorization endurance international india,10
github webgenomics nodejsclient,3
website classification linguistic content analysis,3
anonymous communication seminar report ppt cse students,10
speed broadband communication system trains space optics ieee conference publication,3
ieee xplore digital library,10
read manga manga reader,1
google,3
amazon,12
wikipedia,10
facebook,8
craigslist sites,2
yahoo,3
drudge report,8
celebrity gossip ny daily news,8
home intermarkets inc,6
electronics cars fashion collectibles coupons ebay,12
the world wide project,3
fast proxies downloading torrents thepiratebay proxylist org,1
thepiratebay download music movies game software thepiratebay galaxy bittorrent,1
wikileaks,8
pandora internet radio,8
genuine jewellery pandora,12
match dating site singles personals match ,2
irctc generation eticketing system,2
build website squarespace,3
free website builder create website wix,3
cloudflare performance security,3
twitter happening,8
vimeo high quality home video hosting watching,8
linkedin log sign up,8
parallels mac windows virtualization manage mac,2
vdi rds solutions,2
instagram,8
web hosting company indiaâ€™s hosting service provider bluehost,3
blog tool publishing platform cms wordpress,3
of home swap home sharing websites travel guardian,6
homestay accommodation worldwide don just visit live,6
free volunteering culture go,6
homestay find book host families worldwide,6
rooms rent locals bed breakfasts guest houses,6
experiences places airbnb,6
holiday rentals,6
meet stay with locals over world couchsurfing,6
top property websites buying selling 6 telegraph,6
property buying selling renting,6
sarah beeny estate agents tepilo,6
police uk,6
renovation restoration house buying insurance,6
period property uk listings period property sale,6
estate agents cool property finds stylish interiors uk worldwide,6
the modern estate agent brain food modern estate agent,6
wowhaus home hip houses architecture sale rent,6
justpark parking app find parking seconds,6
zoopla search property buy rent house prices,6
home exchange websites travel adventures sharing economy,6
lovehomeswap review travel adventures sharing economy,6
guest guest review travel adventures sharing economy,6
homelink review travel adventures sharing economy,6
homexchange review may travel adventures sharing economy,6
best soccer websites,14
transfers news sky sports,14
newsnow football news breaking news search,14
football game results scores,14
football sport independent,14
football news live scores results transfers goal,14
planet futbol schedule news si,14
football bbc sport,14
football news opinion previews results live scores mirror online,14
football news match reports fixtures guardian,14
 finding deals online,2
best deals daily deals discount coupons,2
ben bargains deals bargains freebies,12
shopping coupons coupon codes deals printable coupons daily,12
gottadeal why pay retail hot deals coupons forums more,2
cardcash gift card exchange buy sell trade gift cards,12
check store ratings save money with deals pricegrabber,3
brad deals handpicked deals coupons retailers,12
gift cards deal gift card granny reg official ,12
retailmenot coupon codes coupons promo code shipping discounts thousands stores,12
offers today coupons promo codes deals,12
coupons shipping promo codes freeshipping org,12
slickdeals deals coupons promo codes discounts,12
 highly useful websites computer technicians technibble,3
default router passwords internets router password database,3
download missing dll files dll files,3
remote access remote desktop software computer logmein,3
hijack logfileauswertung,3
service manual schematics datasheets eeprom bins pcb repair info test equipment electronics,3
free virus scan antivirus software,3
speedtest ookla global broadband speed test,3
processlibrary resource process information ,3
download drivers largest driver database ,3
ninite install update multiple apps once,3
retailmenot coupon codes coupons promo codes shipping discounts thousands stores,12
ultimate trading with iq option,3
forbes welcome,2
use incredible websites apps learn tech skills,3
access page has been denied,3
skillcrush digital skills job skills,3
lynda courses classes training tutorials,3
coding bootcamps data science ux business general assembly,3
homepage grovo,3
start learning treehouse free,3
free courses nanodegree programs udacity,3
mit opencourseware course materials,3
free courses futurelearn,3
open education consortium global network open 10,3
top football websites telegraph,14
proven quality football blog entertain one two readers proven quality,14
spoiler world football gossip transfer rumours premier league news wags celebrity footballers,14
dirty tackle archives howler magazine,14
football news views gossip,14
goals football goals news betting,14
uk football news results forums,14
football blog football transfer extra footie,14
insideleft net,14
sportslens football news football blog,14
football betting place football bet today soccer base,14
the introduction page rsssf rec sport soccer statistics foundation,14
football bbc sport,14
fans guide football grounds stadiums england,14
footiemap map tier football club stadiums,14
soccer spain spanish football website english,14
global game fat burners preworkout supplements reviewed theglobalgame,14
football alia series news fixtures results latest alian football information,14
football news live scores results transfers goal uk,14
sports news websites sports lovers sports news sites,14
barstool sports,14
sports news scores highlights sports illustrated,14
yahoo sports sports news scores fantasy 4,14
espn worldwide leader sports,14
real estate home shopping bankrate,2
cyberhomes now listingbook,6
welcome listingbook,6
homes,6
sportsbest sports news stories ,14
